<?xml version="1.0" encoding="UTF-8"?>


<processes xmlns:xsi="http://www.w3.org/2001/XMLSchema-instance"
    xsi:noNamespaceSchemaLocation="process.xsd">

    <default_input type="csv">train.csv</default_input>

    <process>
        <input type="csv">./data/train.csv</input>
        <task type="python">./library_functions/dropna.py</task>
        <output>./output/train_nona.csv</output>
        <sequenceId>1</sequenceId>
    </process>

    <process>
        <input type="csv">./data/House_Rent_Dataset.csv</input>
        <task type="bash">./library_functions/dropna.sh</task>
        <output>./output/train_bash.csv</output>
        <sequenceId>6</sequenceId>
    </process>

    <process>
        <input type="csv">./output/rent_bounds_dice.csv</input>
        <task type="python">./library_functions/sort_csv.py</task>
        <conditions>
            <col>Rent</col>
        </conditions>
        <output>./output/sorted_train.csv</output>
        <sequenceId>4</sequenceId>
    </process>

    <process>
        <input type="csv">./data/House_Rent_Dataset.csv</input>
        <task type="python">./library_functions/slicing.py</task>
        <conditions>
            <col>Rent</col>
            <condition>
                <key>lower_bound</key>
                <value>1000</value>
                <key>upper_bound</key>
                <value>5000</value>
            </condition>
        </conditions>
        <output>./output/rent_bounds.csv</output>
        <sequenceId>3</sequenceId>
    </process>

    <process>
        <input type="csv">./data/House_Rent_Dataset.csv</input>
        <task type="python">./library_functions/dicing.py</task>
        <conditions>
            <col>Rent</col>
            <condition>
                <key>lower_bound</key>
                <value>1000</value>
                <key>upper_bound</key>
                <value>5000</value>
            </condition>
            <col>Size</col>
            <condition>
                <key>lower_bound</key>
                <value>200</value>
                <key>upper_bound</key>
                <value>500</value>
            </condition>
        </conditions>
        <output>./output/rent_bounds_dice.csv</output>
        <sequenceId>2</sequenceId>
    </process>

    <process>
        <input>./output/rent_bounds_dice.csv</input>
        <body>Dicing output from the data processing framework for the house rent dataset</body>
        <task type="mail"></task>
        <sequenceId>5</sequenceId>
        <mailto>hhasashi73121@gmail.com</mailto>
    </process>

</processes>