,Posted On,BHK,Rent,Size,Floor,Area Type,Area Locality,City,Furnishing Status,Tenant Preferred,Bathroom,Point of Contact
7,2022-06-21,1,5000,250,1 out of 2,Super Area,Malancha,Kolkata,Unfurnished,Bachelors,1,Contact Agent
11,2022-06-07,1,5000,400,1 out of 1,Carpet Area,Keshtopur,Kolkata,Unfurnished,Bachelors/Family,1,Contact Agent
22,2022-06-15,1,4000,300,Ground out of 4,Carpet Area,"Garia Station, Garia",Kolkata,Unfurnished,Bachelors/Family,1,Contact Owner
33,2022-06-29,2,5000,500,Ground out of 2,Carpet Area,Baruipur,Kolkata,Unfurnished,Bachelors/Family,2,Contact Owner
42,2022-06-26,1,5000,600,2 out of 5,Super Area,Behala,Kolkata,Unfurnished,Bachelors/Family,1,Contact Owner
46,2022-05-20,2,4600,400,3 out of 3,Carpet Area,Behala,Kolkata,Semi-Furnished,Bachelors,1,Contact Owner
52,2022-07-03,2,5000,800,Ground out of 1,Carpet Area,Baruipur,Kolkata,Unfurnished,Bachelors/Family,1,Contact Owner
60,2022-07-02,1,5000,300,1 out of 3,Carpet Area,Kasba,Kolkata,Unfurnished,Bachelors,1,Contact Owner
64,2022-05-14,1,3500,250,Ground out of 4,Super Area,Baksara,Kolkata,Semi-Furnished,Bachelors/Family,1,Contact Owner
66,2022-07-02,1,5000,300,Ground out of 2,Carpet Area,Kasba,Kolkata,Unfurnished,Bachelors/Family,1,Contact Owner
77,2022-06-25,1,5000,450,2 out of 4,Carpet Area,"Dum Dum Heights, Jessore Road",Kolkata,Semi-Furnished,Bachelors/Family,1,Contact Owner
95,2022-05-23,1,5000,300,1 out of 2,Carpet Area,Dum Dum Metro,Kolkata,Unfurnished,Bachelors/Family,1,Contact Owner
116,2022-05-30,1,5000,20,2 out of 3,Super Area,Dakshineswar,Kolkata,Unfurnished,Bachelors/Family,1,Contact Owner
118,2022-06-23,1,3900,200,2 out of 2,Super Area,Shyam Bazar,Kolkata,Furnished,Bachelors/Family,1,Contact Owner
128,2022-06-08,1,4700,250,2 out of 2,Super Area,Kaikhali,Kolkata,Furnished,Bachelors/Family,1,Contact Owner
129,2022-06-08,1,4700,250,Ground out of 1,Super Area,"Dash Drone, Rajarhat Newtown",Kolkata,Furnished,Bachelors/Family,1,Contact Owner
130,2022-05-06,1,4500,450,1 out of 2,Super Area,"Rabindra Pally, Keshtopur",Kolkata,Unfurnished,Bachelors/Family,1,Contact Owner
133,2022-07-01,1,4700,250,1 out of 2,Super Area,Kaikhali,Kolkata,Furnished,Bachelors/Family,1,Contact Owner
136,2022-06-23,2,5000,400,1 out of 3,Carpet Area,Keshtopur,Kolkata,Semi-Furnished,Bachelors/Family,1,Contact Owner
146,2022-06-05,2,2200,550,2 out of 3,Super Area,Behala silpara,Kolkata,Furnished,Bachelors/Family,1,Contact Owner
151,2022-05-13,1,3500,250,1 out of 2,Super Area,"Phool Bagan, Kankurgachi",Kolkata,Furnished,Bachelors/Family,1,Contact Owner
152,2022-05-10,2,5000,1000,Ground out of 2,Carpet Area,Hindmotor,Kolkata,Unfurnished,Bachelors,1,Contact Owner
162,2022-05-06,1,3500,120,Ground out of 3,Super Area,Dum Dum Cantonment,Kolkata,Unfurnished,Bachelors/Family,1,Contact Owner
170,2022-05-06,1,5000,190,Ground out of 2,Super Area,Baguihati,Kolkata,Semi-Furnished,Bachelors/Family,1,Contact Owner
177,2022-07-02,2,4000,600,1 out of 2,Carpet Area,Nilgung Old Bazar,Kolkata,Unfurnished,Bachelors/Family,1,Contact Owner
194,2022-06-26,2,5000,392,Ground out of 2,Super Area,Jadavpur,Kolkata,Unfurnished,Bachelors/Family,1,Contact Owner
203,2022-06-12,1,4700,250,1 out of 2,Super Area,Kaikhali,Kolkata,Furnished,Bachelors/Family,1,Contact Owner
204,2022-05-14,1,5000,500,Ground out of 3,Carpet Area,Bata Nagar,Kolkata,Semi-Furnished,Bachelors/Family,1,Contact Owner
205,2022-05-20,2,5000,450,2 out of 2,Carpet Area,Birati,Kolkata,Semi-Furnished,Bachelors/Family,1,Contact Owner
207,2022-05-14,1,5000,500,1 out of 1,Carpet Area,Bata Nagar,Kolkata,Semi-Furnished,Bachelors/Family,1,Contact Owner
221,2022-06-04,1,3000,200,2 out of 3,Super Area,Barasat,Kolkata,Unfurnished,Bachelors/Family,1,Contact Owner
226,2022-06-20,2,3500,500,4 out of 5,Carpet Area,Konnagar,Kolkata,Unfurnished,Bachelors,1,Contact Owner
228,2022-05-19,1,3000,160,Ground out of 1,Super Area,"Kudghat, Ashok Nagar",Kolkata,Unfurnished,Bachelors/Family,1,Contact Owner
231,2022-06-13,1,3500,1000,Ground out of 1,Super Area,Dum Dum Cantonment,Kolkata,Semi-Furnished,Bachelors/Family,1,Contact Owner
235,2022-06-16,1,4500,450,Ground out of 2,Super Area,"Silpara, Purba Barisha",Kolkata,Unfurnished,Bachelors/Family,1,Contact Owner
237,2022-07-01,1,4500,230,Ground out of 3,Super Area,Birati,Kolkata,Unfurnished,Bachelors/Family,1,Contact Owner
240,2022-05-27,1,5000,500,Ground out of 1,Carpet Area,BRAHMAPUR NEAR BANSDRONI,Kolkata,Semi-Furnished,Bachelors/Family,1,Contact Owner
249,2022-06-27,3,3200,800,1 out of 3,Carpet Area,Bhawanipur,Kolkata,Furnished,Bachelors/Family,2,Contact Owner
257,2022-06-24,2,5000,450,2 out of 3,Carpet Area,Liluah,Kolkata,Unfurnished,Bachelors,1,Contact Owner
277,2022-06-15,1,5000,700,Ground out of 2,Carpet Area,My Own House,Kolkata,Unfurnished,Bachelors/Family,1,Contact Owner
280,2022-06-29,2,4500,750,Ground out of 1,Super Area,Azadgarh,Kolkata,Furnished,Bachelors/Family,1,Contact Owner
285,2022-05-24,1,1500,200,Ground out of 2,Super Area,Santoshpur,Kolkata,Semi-Furnished,Bachelors/Family,1,Contact Owner
290,2022-06-29,1,3500,200,Upper Basement out of 4,Super Area,Baguihati,Kolkata,Semi-Furnished,Bachelors/Family,1,Contact Owner
298,2022-04-24,1,5000,350,Ground out of 3,Carpet Area,Purba Barisha,Kolkata,Semi-Furnished,Bachelors/Family,1,Contact Owner
306,2022-05-05,1,3000,500,Ground out of 1,Super Area,Hatiara,Kolkata,Semi-Furnished,Bachelors/Family,1,Contact Owner
318,2022-06-22,1,5000,500,Ground out of 1,Super Area,Rishra,Kolkata,Semi-Furnished,Bachelors/Family,1,Contact Owner
320,2022-05-05,2,5000,600,Ground out of 2,Super Area,"Anandapuri, Barrackpore",Kolkata,Unfurnished,Bachelors/Family,1,Contact Owner
321,2022-06-01,2,5000,420,Ground out of 2,Carpet Area,Barasat,Kolkata,Unfurnished,Bachelors,1,Contact Owner
323,2022-06-29,1,3200,220,3 out of 4,Super Area,Sodepur,Kolkata,Unfurnished,Bachelors/Family,1,Contact Owner
330,2022-06-08,1,3000,350,Ground out of 3,Super Area,Belghoria,Kolkata,Unfurnished,Bachelors/Family,1,Contact Owner
331,2022-06-14,1,3800,500,1 out of 3,Carpet Area,Nalta,Kolkata,Unfurnished,Bachelors,1,Contact Owner
361,2022-05-05,1,5000,150,1 out of 2,Carpet Area,Anandapur,Kolkata,Unfurnished,Bachelors/Family,1,Contact Owner
364,2022-06-17,1,5000,420,3 out of 3,Super Area,Em Bypass South East,Kolkata,Unfurnished,Bachelors,1,Contact Owner
369,2022-06-07,1,5000,350,1 out of 1,Carpet Area,Thakurpukur,Kolkata,Unfurnished,Bachelors,1,Contact Owner
378,2022-05-10,1,5000,322,1 out of 3,Carpet Area,Dum Dum Metro,Kolkata,Unfurnished,Bachelors/Family,1,Contact Agent
386,2022-05-09,1,5000,350,Ground out of 5,Carpet Area,Agarpara,Kolkata,Semi-Furnished,Bachelors/Family,1,Contact Owner
400,2022-06-07,1,5000,450,1 out of 2,Carpet Area,"Fartabad, Garia",Kolkata,Unfurnished,Bachelors/Family,1,Contact Owner
404,2022-05-13,1,5000,300,Ground out of 1,Carpet Area,Barrackpore,Kolkata,Unfurnished,Bachelors,1,Contact Agent
416,2022-05-22,2,5000,550,1 out of 3,Carpet Area,Birati,Kolkata,Unfurnished,Bachelors,1,Contact Owner
419,2022-05-31,2,4500,475,Ground out of 2,Super Area,Birati,Kolkata,Unfurnished,Bachelors/Family,1,Contact Owner
426,2022-06-23,1,5000,400,Ground out of 5,Carpet Area,Sonarpur,Kolkata,Semi-Furnished,Bachelors,1,Contact Owner
431,2022-05-25,1,5000,450,2 out of 2,Super Area,"Ananda Pally, Jadavpur",Kolkata,Unfurnished,Bachelors/Family,1,Contact Owner
438,2022-05-26,1,5000,400,3 out of 5,Carpet Area,Hooghly-Chinsurah,Kolkata,Unfurnished,Bachelors,1,Contact Owner
439,2022-07-03,1,5000,450,1 out of 1,Carpet Area,"Bansdroni Mauza, Krishnanagar",Kolkata,Unfurnished,Bachelors/Family,1,Contact Owner
450,2022-06-20,1,4000,350,1 out of 1,Super Area,Behala,Kolkata,Unfurnished,Bachelors/Family,1,Contact Owner
471,2022-05-12,1,1800,500,Ground out of 1,Super Area,Shyam Bazar,Kolkata,Semi-Furnished,Bachelors/Family,1,Contact Owner
484,2022-05-08,1,5000,300,1 out of 3,Super Area,"Noapara, Addarsha Pally",Kolkata,Unfurnished,Bachelors/Family,1,Contact Owner
503,2022-06-14,1,3700,150,1 out of 5,Carpet Area,Lake Gardens,Kolkata,Unfurnished,Bachelors,1,Contact Owner
506,2022-06-20,1,2200,700,1 out of 3,Super Area,Baranagar,Kolkata,Unfurnished,Bachelors/Family,1,Contact Owner
507,2022-04-28,1,3300,175,Ground out of 2,Super Area,New Town,Kolkata,Unfurnished,Bachelors/Family,1,Contact Owner
508,2022-05-12,1,5000,450,Ground out of 1,Super Area,"Siriti, Tollygunge",Kolkata,Semi-Furnished,Bachelors/Family,1,Contact Owner
512,2022-05-28,1,5000,400,4 out of 4,Carpet Area,Keshtopur,Kolkata,Unfurnished,Bachelors/Family,1,Contact Agent
519,2022-06-19,1,5000,250,Ground out of 2,Carpet Area,Salt Lake City Sector 5,Kolkata,Unfurnished,Bachelors/Family,1,Contact Agent
908,2022-05-31,1,4500,475,3 out of 4,Super Area,Nalasopara West,Mumbai,Unfurnished,Bachelors/Family,1,Contact Owner
1525,2022-06-20,1,4500,450,Ground out of 3,Super Area,Nelamangala,Bangalore,Semi-Furnished,Bachelors/Family,1,Contact Owner
1572,2022-05-23,1,4000,650,1 out of 2,Super Area,Byatarayanapura,Bangalore,Unfurnished,Bachelors/Family,1,Contact Owner
1598,2022-05-27,1,4500,600,1 out of 4,Super Area,Madanayakahalli,Bangalore,Unfurnished,Bachelors/Family,1,Contact Owner
1705,2022-06-12,1,5000,500,2 out of 3,Super Area,Guttahalli,Bangalore,Semi-Furnished,Bachelors/Family,1,Contact Owner
1745,2022-05-23,1,5000,500,1 out of 4,Super Area,"Bydara Halli, Benson Town",Bangalore,Semi-Furnished,Family,1,Contact Owner
1768,2022-06-04,1,4500,600,Ground out of 3,Super Area,"Peenya Industrial Area, Tumkur Road",Bangalore,Unfurnished,Bachelors/Family,1,Contact Owner
1773,2022-06-04,1,5000,350,2 out of 2,Carpet Area,"Chamundi Nagar, Rajajinagar",Bangalore,Unfurnished,Bachelors/Family,1,Contact Owner
1776,2022-05-19,1,3500,150,2 out of 3,Super Area,Yeshwantpur,Bangalore,Unfurnished,Bachelors/Family,1,Contact Owner
1801,2022-05-10,1,5000,600,1 out of 3,Super Area,HMT Layout Nagasandra,Bangalore,Semi-Furnished,Bachelors/Family,1,Contact Owner
1865,2022-05-14,1,5000,500,Ground out of 3,Super Area,Peenya 2nd Stage,Bangalore,Unfurnished,Bachelors/Family,1,Contact Owner
1880,2022-05-23,1,5000,144,Ground out of 1,Super Area,Padmanabha Nagar,Bangalore,Semi-Furnished,Bachelors/Family,1,Contact Owner
1947,2022-07-04,1,5000,500,1 out of 2,Super Area,Vidyaranyapura,Bangalore,Unfurnished,Bachelors/Family,1,Contact Owner
1981,2022-05-19,1,5000,500,Ground out of 2,Super Area,Vijayanagar,Bangalore,Furnished,Bachelors/Family,1,Contact Owner
2019,2022-05-14,1,5000,400,1 out of 2,Super Area,Vaderahalli,Bangalore,Unfurnished,Bachelors/Family,1,Contact Owner
2022,2022-06-04,1,5000,500,1 out of 2,Super Area,T Dasarahalli,Bangalore,Unfurnished,Family,1,Contact Owner
2053,2022-05-19,1,4300,300,2 out of 4,Super Area,Ragavendra Nagar,Bangalore,Unfurnished,Bachelors/Family,1,Contact Owner
2057,2022-05-07,1,4800,580,Ground out of 1,Super Area,Kengeri,Bangalore,Semi-Furnished,Bachelors/Family,1,Contact Owner
2082,2022-06-04,1,4000,250,2 out of 3,Super Area,Btm Layout,Bangalore,Unfurnished,Bachelors/Family,1,Contact Owner
2119,2022-05-10,1,5000,500,2 out of 4,Super Area,Rayasandra,Bangalore,Semi-Furnished,Bachelors/Family,1,Contact Owner
2142,2022-06-20,1,5000,150,2 out of 3,Super Area,Rajarajeshwari Nagar,Bangalore,Unfurnished,Bachelors/Family,1,Contact Owner
2247,2022-05-05,1,4700,500,1 out of 4,Super Area,Chikkabanavara,Bangalore,Unfurnished,Bachelors/Family,1,Contact Owner
2256,2022-04-27,1,4750,200,2 out of 2,Carpet Area,"Chamundeshwari Layout, Arakere",Bangalore,Semi-Furnished,Bachelors/Family,1,Contact Owner
2293,2022-05-23,1,4000,250,Ground out of 2,Super Area,Vijayanagar,Bangalore,Unfurnished,Bachelors/Family,1,Contact Owner
2294,2022-05-23,1,5000,400,1 out of 2,Super Area,T Dasarahalli,Bangalore,Unfurnished,Bachelors/Family,1,Contact Owner
2324,2022-05-31,2,5000,625,1 out of 3,Carpet Area,Kadabagere,Bangalore,Semi-Furnished,Bachelors/Family,2,Contact Owner
2325,2022-05-27,1,4000,100,2 out of 3,Super Area,"Itc Colony, Maruthi Sevanagar",Bangalore,Semi-Furnished,Bachelors/Family,2,Contact Owner
2353,2022-07-07,1,4500,300,3 out of 3,Super Area,"Virat Nagar, Bommanahalli",Bangalore,Semi-Furnished,Bachelors/Family,1,Contact Owner
2362,2022-06-20,1,4500,200,4 out of 5,Super Area,T Dasarahalli,Bangalore,Unfurnished,Bachelors/Family,1,Contact Owner
2363,2022-05-23,1,5000,300,Ground out of 3,Super Area,Basaveshvara Nagar,Bangalore,Unfurnished,Bachelors/Family,1,Contact Owner
2391,2022-05-14,1,3500,180,Ground out of 2,Super Area,"Ganesh Nagar, Tilak Nagar",Delhi,Unfurnished,Bachelors/Family,1,Contact Owner
2447,2022-06-04,1,4500,240,1 out of 2,Super Area,Dilshad Colony,Delhi,Unfurnished,Bachelors/Family,1,Contact Owner
2460,2022-05-18,1,5000,25,2 out of 5,Carpet Area,Ganga Vihar,Delhi,Unfurnished,Bachelors/Family,1,Contact Owner
2466,2022-06-04,1,5000,180,Ground out of 3,Super Area,Mukherjee Nagar,Delhi,Semi-Furnished,Bachelors/Family,1,Contact Owner
2475,2022-06-22,2,2000,60,1 out of 1,Super Area,Ram Nagar,Delhi,Unfurnished,Bachelors/Family,1,Contact Owner
2555,2022-06-29,2,5000,500,1 out of 3,Super Area,Sangam Vihar,Delhi,Unfurnished,Bachelors/Family,1,Contact Owner
2594,2022-05-10,1,4000,125,1 out of 2,Super Area,Sangam Vihar,Delhi,Unfurnished,Bachelors/Family,1,Contact Owner
2640,2022-04-29,1,4500,400,1 out of 2,Super Area,Sagar Pur,Delhi,Unfurnished,Bachelors/Family,1,Contact Owner
2662,2022-04-29,1,5000,450,Ground out of 3,Super Area,Vikash Nagar,Delhi,Unfurnished,Bachelors/Family,1,Contact Owner
2680,2022-05-10,1,5000,500,Ground out of 4,Super Area,Mahavir Enclave Part 1,Delhi,Semi-Furnished,Bachelors/Family,1,Contact Owner
2709,2022-04-29,1,4000,120,1 out of 2,Super Area,Najafgarh,Delhi,Unfurnished,Bachelors/Family,1,Contact Owner
2731,2022-04-29,1,5000,450,1 out of 4,Super Area,Bhajanpura,Delhi,Unfurnished,Bachelors/Family,1,Contact Owner
2761,2022-05-14,1,3500,350,1 out of 3,Super Area,Najafgarh,Delhi,Unfurnished,Bachelors/Family,1,Contact Owner
2811,2022-06-19,1,4000,90,Ground out of 2,Super Area,Gopalpur,Delhi,Unfurnished,Bachelors/Family,2,Contact Owner
2913,2022-06-04,1,3500,25,3 out of 4,Super Area,Burari,Delhi,Unfurnished,Bachelors/Family,1,Contact Owner
2954,2022-07-04,1,5000,300,Ground out of 4,Carpet Area,Laxmi Nagar,Delhi,Semi-Furnished,Bachelors/Family,1,Contact Agent
2955,2022-05-04,2,5000,550,3 out of 4,Carpet Area,"Mohan Garden, Razapur Khurd",Delhi,Unfurnished,Bachelors/Family,1,Contact Owner
2969,2022-06-16,1,5000,300,1 out of 3,Carpet Area,Ashok Nagar,Delhi,Furnished,Bachelors,1,Contact Owner
3025,2022-05-25,1,4500,150,Ground out of 2,Super Area,Velachery,Chennai,Semi-Furnished,Bachelors/Family,1,Contact Owner
3029,2022-05-24,1,5000,550,1 out of 1,Super Area,Sikkarayapuram,Chennai,Unfurnished,Bachelors/Family,1,Contact Owner
3068,2022-05-12,1,3000,350,1 out of 2,Super Area,Ennore,Chennai,Unfurnished,Bachelors/Family,1,Contact Owner
3143,2022-05-25,1,5000,250,Ground out of 3,Super Area,"Aminjikarai, PH Road",Chennai,Unfurnished,Bachelors/Family,1,Contact Owner
3190,2022-06-18,1,5000,350,Ground out of 1,Super Area,Kolathur,Chennai,Unfurnished,Bachelors/Family,1,Contact Owner
3220,2022-06-01,1,3500,600,Ground out of 1,Super Area,"Kundrathur, Pallavaram Kundrathur Main Road",Chennai,Unfurnished,Bachelors,1,Contact Owner
3246,2022-05-20,1,4500,115,Ground out of 3,Super Area,Choolaimedu,Chennai,Unfurnished,Bachelors,1,Contact Owner
3283,2022-05-16,1,5000,800,1 out of 1,Carpet Area,N G O nagar extn ponneri,Chennai,Unfurnished,Bachelors/Family,1,Contact Owner
3287,2022-06-22,1,4500,600,Ground out of 3,Super Area,Kolathur,Chennai,Unfurnished,Bachelors/Family,1,Contact Owner
3334,2022-04-30,1,5000,800,1 out of 2,Super Area,"Tondiarpet, Ennore High Road",Chennai,Unfurnished,Family,1,Contact Owner
3367,2022-06-10,1,4200,490,3 out of 3,Super Area,"Villivakkam, Jawaharlal Nehru Road",Chennai,Semi-Furnished,Bachelors/Family,1,Contact Owner
3378,2022-06-14,1,3000,350,Ground out of 2,Super Area,Mangadu,Chennai,Unfurnished,Bachelors/Family,1,Contact Owner
3417,2022-05-20,2,5000,800,Ground out of 2,Super Area,Ayappakkam,Chennai,Unfurnished,Bachelors/Family,2,Contact Owner
3459,2022-06-10,1,5000,800,1 out of 1,Carpet Area,Kovur,Chennai,Unfurnished,Bachelors/Family,1,Contact Owner
3465,2022-07-06,1,5000,550,Ground out of 1,Super Area,Perumbakkam,Chennai,Unfurnished,Bachelors/Family,1,Contact Owner
3469,2022-06-10,1,3500,500,1 out of 2,Super Area,Thirunagar,Chennai,Semi-Furnished,Bachelors/Family,1,Contact Owner
3564,2022-06-29,1,5000,550,1 out of 1,Carpet Area,5000,Chennai,Unfurnished,Bachelors/Family,1,Contact Owner
3617,2022-06-22,1,4000,400,2 out of 3,Super Area,Rani Anna Nagar,Chennai,Unfurnished,Bachelors/Family,1,Contact Owner
3700,2022-06-10,1,5000,450,Ground out of 1,Super Area,Thirumullaivoyal,Chennai,Unfurnished,Bachelors/Family,1,Contact Owner
3733,2022-07-06,1,4000,300,1 out of 2,Super Area,Tiruvottiyur,Chennai,Unfurnished,Bachelors,1,Contact Owner
3746,2022-07-09,1,3500,300,Ground out of 2,Super Area,Mogappair West,Chennai,Unfurnished,Bachelors/Family,1,Contact Owner
3751,2022-05-06,1,5000,550,1 out of 1,Carpet Area,"Tambaram, GST Road",Chennai,Unfurnished,Bachelors/Family,1,Contact Owner
3758,2022-05-25,1,5000,200,Ground out of 3,Super Area,Mambalam West,Chennai,Semi-Furnished,Bachelors/Family,1,Contact Owner
3815,2022-05-30,1,5000,450,2 out of 2,Carpet Area,Housing Board,Chennai,Unfurnished,Bachelors/Family,1,Contact Owner
3862,2022-05-16,1,5000,400,Ground out of 2,Super Area,Medavakkam,Chennai,Unfurnished,Bachelors/Family,1,Contact Owner
3946,2022-05-20,1,5000,140,2 out of 3,Super Area,Malkajgiri,Hyderabad,Unfurnished,Bachelors/Family,1,Contact Owner
3959,2022-04-30,1,4000,300,3 out of 3,Super Area,in Syed Ali Guda,Hyderabad,Unfurnished,Bachelors/Family,1,Contact Owner
3990,2022-06-25,1,4000,400,Ground out of 1,Super Area,Borabanda,Hyderabad,Unfurnished,Bachelors/Family,1,Contact Owner
4043,2022-05-16,1,4500,60,1 out of 2,Super Area,"Hayathnagar, NH 9",Hyderabad,Semi-Furnished,Bachelors/Family,1,Contact Owner
4076,2022-05-31,3,1200,2100,1 out of 3,Carpet Area,"Uppal, NH 2 2",Hyderabad,Furnished,Bachelors/Family,3,Contact Owner
4201,2022-06-24,1,4700,850,3 out of 3,Super Area," in Boduppal, NH 2 2",Hyderabad,Unfurnished,Bachelors/Family,2,Contact Owner
4220,2022-07-06,1,3000,80,Ground out of 2,Super Area,Rhoda Mistri Nagar,Hyderabad,Semi-Furnished,Bachelors/Family,1,Contact Owner
4297,2022-05-12,1,3300,200,Ground out of 2,Super Area,Moula Ali,Hyderabad,Unfurnished,Bachelors/Family,1,Contact Owner
4354,2022-06-18,2,5000,600,Ground out of 2,Super Area,Meerpet,Hyderabad,Unfurnished,Bachelors/Family,1,Contact Owner
4415,2022-06-06,1,3000,100,1 out of 2,Super Area,New Nallakunta,Hyderabad,Semi-Furnished,Bachelors/Family,1,Contact Owner
4492,2022-05-12,1,5000,350,2 out of 3,Super Area,Attapur,Hyderabad,Unfurnished,Bachelors/Family,1,Contact Owner
4513,2022-05-12,1,5000,500,2 out of 3,Super Area,"Peerzadiguda, NH 2 2",Hyderabad,Unfurnished,Bachelors/Family,1,Contact Owner
4547,2022-05-12,2,5000,650,2 out of 3,Super Area,Balanagar,Hyderabad,Unfurnished,Family,2,Contact Owner
4586,2022-06-14,1,4000,500,2 out of 3,Super Area,Almasguda,Hyderabad,Unfurnished,Bachelors/Family,1,Contact Owner
4624,2022-06-09,1,5000,540,2 out of 3,Super Area,"Kukatpally, NH 9",Hyderabad,Semi-Furnished,Bachelors/Family,1,Contact Owner
4636,2022-07-06,1,5000,300,Ground out of 2,Super Area,"Ramachandra Puram, NH 9",Hyderabad,Unfurnished,Bachelors/Family,1,Contact Owner
4654,2022-07-06,1,5000,450,1 out of 2,Super Area,Hydershakote,Hyderabad,Unfurnished,Bachelors/Family,1,Contact Owner
4706,2022-04-30,1,4500,50,4 out of 5,Super Area,Amberpet,Hyderabad,Unfurnished,Bachelors/Family,1,Contact Owner
4733,2022-06-28,1,5000,500,Ground out of 1,Carpet Area,BN Reddy Nagar,Hyderabad,Furnished,Bachelors/Family,1,Contact Owner
